Sample;Site.no;Cafeteria.ID;Caf;Substrate;Bagtype;Bag_root;Amanita;Amphinema;Cenococcum;Cortinarius;Hyaloscypha;Hygrophorus;Lactarius;Piloderma;Pseudotomentella;Russula;Tomentella_Thelephora;Tylospora
1_1;1;1;1;Root;Root;Root;0;0,003726708;0,183850932;0,026086957;0,41863354;0;0,001242236;0,267080745;0;0;0,004968944;0,002484472
1_2;1;2;2;Root;Root;Root;0;0;0,228915663;0,034136546;0,138554217;0;0,002008032;0,341365462;0,012048193;0;0,238955823;0,002008032
1_3;1;3;3;Root;Root;Root;0;0;0,618421053;0,197368421;0,184210526;0;0;0;0;0;0;0
1_4;1;4;4;Root;Root;Root;0;0;0,804597701;0;0,022988506;0;0;0;0;0;0,045977011;0,08045977
1_5;1;5;5;Root;Root;Root;0,032258065;0;0;0,016129032;0,080645161;0;0,008064516;0,064516129;0,016129032;0,032258065;0;0
10_2;10;47;2;Root;Root;Root;0;0,034668261;0,1398685;0,006575015;0,102211596;0,101613867;0;0,557680813;0,001195457;0,006575015;0,038852361;0
10_3;10;48;3;Root;Root;Root;0;0,014975042;0,166389351;0,650582363;0,013311148;0;0;0,014975042;0;0,026622296;0,013311148;0,088186356
10_5;10;50;5;Root;Root;Root;0;0,004106776;0,082135524;0,247433265;0,090349076;0;0;0,415811088;0,034907598;0,062628337;0,012320329;0,029774127
2_1;2;6;1;Root;Root;Root;0;0,112;0,1;0,548;0;0,008;0,004;0;0,036;0,004;0,068;0
2_2;2;7;2;Root;Root;Root;0;0,071322437;0,124814264;0,040118871;0,069836553;0,170876672;0;0,396731055;0;0,019316493;0,034175334;0
2_3;2;8;3;Root;Root;Root;0;0,024640657;0,18275154;0,012320329;0;0;0,04312115;0;0,50513347;0,036960986;0,028747433;0
2_4;2;9;4;Root;Root;Root;0;0,021077283;0,051522248;0,632318501;0;0,032786885;0,077283372;0,070257611;0,018735363;0,011709602;0,018735363;0
2_5;2;10;5;Root;Root;Root;0;0,138169257;0;0,383419689;0;0;0,056994819;0,006908463;0;0,153713299;0;0,001727116
3_1;3;11;1;Root;Root;Root;0;0;0,049360146;0;0,096892139;0;0;0;0,001828154;0,179159049;0,060329068;0
3_2;3;12;2;Root;Root;Root;0,021505376;0;0;0;0;0;0;0,559139785;0;0;0,365591398;0,053763441
3_3;3;13;3;Root;Root;Root;0;0,008888889;0,071111111;0,613333333;0,244444444;0;0;0;0;0,026666667;0,022222222;0
3_4;3;14;4;Root;Root;Root;0;0,007575758;0;0;0,056818182;0;0,003787879;0,117424242;0,018939394;0,757575758;0,003787879;0
3_5;3;15;5;Root;Root;Root;0;0,058333333;0,316666667;0,002083333;0,022916667;0;0,002083333;0,09375;0;0,40625;0,091666667;0
4_1;4;16;1;Root;Root;Root;0;0,000669792;0;0;0;0,050234427;0,010716678;0,839919625;0;0,013395847;0,054253182;0
4_2;4;17;2;Root;Root;Root;0;0,001908397;0,33778626;0,02480916;0,133587786;0;0;0,358778626;0;0,131679389;0;0
4_3;4;18;3;Root;Root;Root;0;0,044094488;0;0;0,022047244;0,051968504;0,011023622;0,001574803;0,006299213;0,549606299;0,143307087;0,154330709
4_4;4;19;4;Root;Root;Root;0;0,24029304;0,001465201;0;0;0;0;0,364102564;0,038827839;0,353846154;0;0,001465201
4_5;4;20;5;Root;Root;Root;0;0,126272912;0,069246436;0,091649695;0,00407332;0;0,050916497;0;0,022403259;0,482688391;0,012219959;0,00203666
5_1;5;21;1;Root;Root;Root;0,001620746;0,01458671;0,011345219;0;0,003241491;0,008103728;0,053484603;0,097244733;0;0,004862237;0,688816856;0,021069692
5_2;5;22;2;Root;Root;Root;0,005628518;0,069418386;0,416510319;0,001876173;0,00750469;0,001876173;0,090056285;0,264540338;0;0,048780488;0,071294559;0
5_3;5;23;3;Root;Root;Root;0,006048387;0,000504032;0,031754032;0;0,005544355;0,039818548;0,009576613;0,084173387;0;0;0,028729839;0
5_4;5;24;4;Root;Root;Root;0;0,002857143;0,002857143;0,065714286;0,002857143;0,234285714;0;0,28;0;0,262857143;0,134285714;0
5_5;5;25;5;Root;Root;Root;0;0,141132776;0,375116063;0,022284123;0,046425255;0;0;0,240482823;0;0,007428041;0,064995357;0
6_1;6;26;1;Root;Root;Root;0,041237113;0;0,391752577;0,206185567;0,237113402;0;0;0,12371134;0;0;0;0
6_2;6;27;2;Root;Root;Root;0,007843137;0;0,219607843;0,043137255;0,250980392;0;0;0,094117647;0;0,349019608;0;0,007843137
6_3;6;28;3;Root;Root;Root;0,10707804;0;0,64246824;0,005444646;0,074410163;0;0;0,054446461;0;0,08892922;0,001814882;0
6_4;6;29;4;Root;Root;Root;0;0;0,026315789;0,157894737;0,684210526;0;0;0,026315789;0;0;0;0
6_5;6;30;5;Root;Root;Root;0;0;0;0,002257336;0,047404063;0;0;0,823927765;0,004514673;0,11738149;0;0,004514673
7_1;7;31;1;Root;Root;Root;0;0;0,855;0,0325;0,00625;0;0;0,09;0;0,0075;0;0,00875
7_2;7;32;2;Root;Root;Root;0;0;0,118198874;0,030018762;0,153846154;0;0;0,001876173;0;0,001876173;0;0
7_5;7;35;5;Root;Root;Root;0;0,019056261;0,107985481;0,007259528;0,10707804;0,009981851;0;0,032667877;0,017241379;0,181488203;0,515426497;0
8_1;8;36;1;Root;Root;Root;0,013020833;0;0,260416667;0,328125;0,002604167;0;0;0,140625;0;0,158854167;0;0,09375
8_2;8;37;2;Root;Root;Root;0;0,060027285;0,083219645;0,211459754;0,019099591;0;0,001364256;0,178717599;0;0,099590723;0,34106412;0,001364256
8_3;8;38;3;Root;Root;Root;0,053278689;0,056352459;0,140368852;0,00102459;0,015368852;0,086065574;0,00102459;0,198770492;0,015368852;0,411885246;0,008196721;0,00204918
8_4;8;39;4;Root;Root;Root;0;0,122971819;0,006831768;0,043552519;0,036720751;0,099914603;0,348420154;0,157130658;0,025619129;0,004269855;0,014517506;0,112724167
8_5;8;40;5;Root;Root;Root;0;0,001015228;0,040609137;0;0,009137056;0;0,069035533;0;0,007106599;0;0,659898477;0,14213198
9_1;9;41;1;Root;Root;Root;0,002631579;0,015789474;0,005263158;0,084210526;0,018421053;0;0,171052632;0,244736842;0;0,297368421;0,081578947;0,023684211
9_2;9;42;2;Root;Root;Root;0;0,002886003;0,148629149;0,063492063;0,113997114;0;0;0,076479076;0,001443001;0;0,106782107;0
9_3;9;43;3;Root;Root;Root;0;0,041942605;0,011037528;0,030905077;0,068432671;0;0,110375276;0,216335541;0;0,033112583;0,165562914;0,026490066
9_4;9;44;4;Root;Root;Root;0;0;0,003831418;0,081417625;0,011494253;0;0,003831418;0,492337165;0;0,027777778;0,30651341;0,034482759
9_5;9;45;5;Root;Root;Root;0;0,075949367;0;0;0,037974684;0;0;0;0;0,075949367;0,025316456;0
A1;1;1;1;2_A;Sandbag;Bag;0;0,255060729;0;0,04048583;0,015384615;0;0;0;0;0;0,038866397;0,0048583
A11;3;11;1;2_A;Sandbag;Bag;0;0,047169811;0,086084906;0;0,007075472;0;0;0,010613208;0;0;0,156839623;0,109669811
A13;3;13;3;2_A;Sandbag;Bag;0;0,542268041;0,002061856;0;0;0;0;0,008247423;0;0;0,206185567;0,181443299
A14;3;14;4;2_A;Sandbag;Bag;0;0,583579882;0,005177515;0;0;0;0;0,000739645;0;0,002218935;0,331360947;0,072485207
A15;3;15;5;2_A;Sandbag;Bag;0;0,070921986;0;0;0;0;0;0;0,265957447;0;0,085106383;0,578014184
A16;4;16;1;2_A;Sandbag;Bag;0;0,003482298;0,218224028;0;0;0;0;0;0,356935577;0,001741149;0,170632618;0,203134068
A17;4;17;2;2_A;Sandbag;Bag;0;0,506811989;0,009990917;0;0;0;0,001362398;0,257493188;0;0,014986376;0,05222525;0,011353315
A18;4;18;3;2_A;Sandbag;Bag;0;0,056100982;0,139551192;0,000701262;0;0;0;0;0,00911641;0;0,079242637;0,645862553
A19;4;19;4;2_A;Sandbag;Bag;0;0,697471264;0;0;0;0;0;0;0;0,00137931;0,005977011;0,224367816
A2;1;2;2;2_A;Sandbag;Bag;0,079445145;0,089533417;0,27112232;0,011349306;0,015132409;0;0;0,044136192;0;0;0,459016393;0
A20;4;20;5;2_A;Sandbag;Bag;0;0,487449799;0,136546185;0;0;0;0;0,023092369;0,110943775;0;0,126004016;0,00753012
A21;5;21;1;2_A;Sandbag;Bag;0;0,974093264;0,001413095;0;0,000471032;0,000471032;0;0,00612341;0,001413095;0;0,015544041;0
A22;5;22;2;2_A;Sandbag;Bag;0;0,677680378;0,031018206;0;0;0;0;0,014160486;0;0,028320971;0,222521915;0,004720162
A23;5;23;3;2_A;Sandbag;Bag;0;0,693140794;0,198555957;0,003610108;0,000902527;0;0,000902527;0;0;0,002707581;0,098375451;0
A24;5;24;4;2_A;Sandbag;Bag;0;0,820496084;0,054830287;0;0,005874674;0;0,000652742;0,031984334;0;0,076370757;0,001305483;0,004569191
A26;6;26;1;2_A;Sandbag;Bag;0,026019081;0,000867303;0,002601908;0;0;0;0;0,006938422;0;0;0,065915004;0,64180399
A27;6;27;2;2_A;Sandbag;Bag;0,598257502;0;0,026137464;0;0;0;0;0,07357212;0;0;0,004840271;0
A28;6;28;3;2_A;Sandbag;Bag;0;0;0,594040968;0,004655493;0,012104283;0;0;0;0;0;0,013035382;0,02141527
A29;6;29;4;2_A;Sandbag;Bag;0,005924951;0;0,01514154;0;0;0;0;0,032916392;0;0;0,149440421;0,680710994
A3;1;3;3;2_A;Sandbag;Bag;0;0,345140033;0,147446458;0,032125206;0,027182867;0;0;0,003294893;0;0,012355848;0,140856672;0
A30;6;30;5;2_A;Sandbag;Bag;0,004830918;0;0;0;0;0;0;0,022222222;0;0,007729469;0,044444444;0,914009662
A32;7;32;2;2_A;Sandbag;Bag;0;0,837073982;0,018287614;0,000831255;0;0;0;0;0;0,048212801;0;0,095594347
A33;7;33;3;2_A;Sandbag;Bag;0;0,308192458;0,00130039;0;0;0;0;0;0;0;0,391417425;0
A35;7;35;5;2_A;Sandbag;Bag;0;0,409531502;0,070274637;0,274636511;0;0;0;0;0;0;0,049273021;0,191437803
A36;8;36;1;2_A;Sandbag;Bag;0;0,184324324;0;0,040540541;0;0;0;0,007027027;0,703783784;0;0,007567568;0,028108108
A37;8;37;2;2_A;Sandbag;Bag;0;0,511709602;0;0,142857143;0;0;0;0,028103044;0;0;0,317330211;0
A38;8;38;3;2_A;Sandbag;Bag;0;0,377462569;0;0;0;0;0;0,054373522;0;0,000788022;0,404255319;0,012608353
A39;8;39;4;2_A;Sandbag;Bag;0;0,297092288;0;0;0;0;0;0;0,027180784;0;0,185840708;0,482300885
A4;1;4;4;2_A;Sandbag;Bag;0;0,524855491;0,130635838;0,041618497;0;0;0;0;0,008092486;0;0,294797688;0
A40;9;40;5;2_A;Sandbag;Bag;0;0,036444444;0;0;0;0;0;0;0;0;0,014222222;0,040888889
A41;9;41;1;2_A;Sandbag;Bag;0;0;0;0;0,9375;0;0;0,0625;0;0;0;0
A42;9;42;2;2_A;Sandbag;Bag;0;0;0,714828897;0;0;0;0;0;0;0,068441065;0,216730038;0
A43;9;43;3;2_A;Sandbag;Bag;0;0,691666667;0,208333333;0;0,002777778;0;0;0;0;0,002777778;0,091666667;0
A45;9;45;5;2_A;Sandbag;Bag;0;0,015748031;0,976377953;0;0;0;0;0,007874016;0;0;0;0
A47;10;47;2;2_A;Sandbag;Bag;0;0,811133201;0,007289596;0;0;0;0;0;0;0;0,141815772;0
A48;10;48;3;2_A;Sandbag;Bag;0;0,98284561;0;0;0;0;0;0;0;0;0,008577195;0
A50;10;50;5;2_A;Sandbag;Bag;0;0,565582371;0;0;0;0;0,006295908;0,001049318;0,154774397;0,015739769;0,039874082;0,140608604
A6;2;6;1;2_A;Sandbag;Bag;0;0,240040858;0,13278856;0;0;0;0;0;0,615934627;0;0,011235955;0
A7;2;7;2;2_A;Sandbag;Bag;0;0,446043165;0,121648136;0,002289078;0;0,003597122;0;0,000654022;0;0;0,403204709;0
A8;2;8;3;2_A;Sandbag;Bag;0;0,629783694;0,175540765;0;0;0;0;0,001663894;0,131447587;0;0,021630616;0
A9;2;9;4;2_A;Sandbag;Bag;0;0,746146435;0,017822736;0;0;0;0;0;0;0;0,226878613;0
F1;1;1;1;F;Soilbag;Bag;0,002257336;0,006772009;0;0;0;0;0,027088036;0,530474041;0;0;0,415349887;0
F10;2;10;5;F;Soilbag;Bag;0;0,048859935;0;0,042345277;0;0;0,133550489;0,009771987;0;0,013029316;0,599348534;0,120521173
F11;3;11;1;F;Soilbag;Bag;0,464268593;0;0;0;0;0;0;0,00452945;0;0,301208404;0,22420776;0
F12;3;12;2;F;Soilbag;Bag;0,093130331;0,287608376;0;0,000218502;0;0;0;0,013695637;0;0;0,605347154;0
F13;3;13;3;F;Soilbag;Bag;0,011904762;0,083333333;0;0,003968254;0;0;0;0,001984127;0;0,178571429;0,079365079;0,638888889
F14;3;14;4;F;Soilbag;Bag;0;0,329396336;0,020794529;0;0;0;0;0;0;0,140742071;0,446182309;0
F15;3;15;5;F;Soilbag;Bag;0,125523013;0,018828452;0;0;0;0;0;0;0;0,533472803;0,050209205;0,205020921
F16;4;16;1;F;Soilbag;Bag;0;0,264014467;0;0;0;0;0,001808318;0;0,007233273;0,137432188;0,168173599;0,383363472
F17;4;17;2;F;Soilbag;Bag;0;0,568007033;0,366908827;0;0;0,001972247;0;0,031555946;0,003944493;0,00591674;0,007888987;0,007888987
F18;4;18;3;F;Soilbag;Bag;0;0,156839623;0;0;0;0,001179245;0;0;0,001179245;0;0,595518868;0,213443396
F19;4;19;4;F;Soilbag;Bag;0;0,729450732;0;0,008101386;0;0;0;0;0;0;0;0
F2;1;2;2;F;Soilbag;Bag;0;0,012887731;0;0;0,002121398;0;0,020252149;0,804562637;0;0;0,077326386;0,005523313
F20;4;20;5;F;Soilbag;Bag;0;0,524390244;0;0,00203252;0;0;0;0,077235772;0,050813008;0,075203252;0,211382114;0,006097561
F21;5;21;1;F;Soilbag;Bag;0,001547988;0,758513932;0;0,001547988;0;0;0;0,03869969;0,100619195;0,003095975;0,078947368;0,015479876
F22;5;22;2;F;Soilbag;Bag;0;0,469556015;0,217406641;0,002524495;0;0;0;0;0;0,078259336;0,229729018;0
F23;5;23;3;F;Soilbag;Bag;0;0,567839196;0;0;0;0;0;0;0;0;0,429648241;0
F24;5;24;4;F;Soilbag;Bag;0,001364256;0,017735334;0;0;0;0;0;0;0,001364256;0,162346521;0,817189632;0
F25;5;25;5;F;Soilbag;Bag;0;0,323738579;0;0,003839402;0,001204033;0;0;0,066905973;0,017266058;0,155394518;0,418701895;0
F26;6;26;1;F;Soilbag;Bag;0;0;0;0;0;0;0;0,040632054;0;0,002257336;0,030474041;0,873589165
F27;6;27;2;F;Soilbag;Bag;0,392105263;0;0;0;0;0;0;0,439473684;0;0;0;0,155263158
F28;6;28;3;F;Soilbag;Bag;0;0,108433735;0;0;0;0;0;0,040963855;0;0,236144578;0,040963855;0
F29;6;29;4;F;Soilbag;Bag;0;0;0,00213476;0,000800796;0,000874279;0;0;0,028027858;0;0;0,070470044;0,645441538
F3;1;3;3;F;Soilbag;Bag;0;0,184738956;0;0,040160643;0;0;0,016064257;0,192771084;0;0;0,542168675;0
F30;6;30;5;F;Soilbag;Bag;0,002677371;0;0;2,09E-06;0;0;0;0,002677371;0;0;0;0,994643165
F31;7;31;1;F;Soilbag;Bag;0;0,009836066;0;0;0;0;0,147540984;0,685245902;0;0;0,078688525;0,078688525
F32;7;32;2;F;Soilbag;Bag;0,020539153;0,631578947;0;0,024390244;0;0;0;0,299101412;0;0;0;0
F33;7;33;3;F;Soilbag;Bag;0,541226216;0,063424947;0;0,010570825;0;0;0,097251586;0,080338266;0,029598309;0,00422833;0,050739958;0
F35;7;35;5;F;Soilbag;Bag;0;0,531585272;0;0,004321831;0,000216317;0;0;0;0;0,008643663;0,399049107;0,040337094
F36;8;36;1;F;Soilbag;Bag;0;0,557647059;0;0;0;0;0;0;0,007058824;0,042352941;0,383529412;0
F37;8;37;2;F;Soilbag;Bag;0;0,623743109;0;0,014083473;0;0;0;0;0;0,010060373;0,342052673;0,010060373
F38;8;38;3;F;Soilbag;Bag;0,169421488;0,506887052;0;0;0;0;0;0,00137741;0,066115702;0,074380165;0,00137741;0
F39;8;39;4;F;Soilbag;Bag;0;0,070450116;0;0;0,004892114;0;0,182729988;0;0,44251479;0;0;0,004403132
F4;1;4;4;F;Soilbag;Bag;0,057251908;0,04389313;0;0,013358779;0;0;0;0,040076336;0;0;0,240458015;0,585877863
F40;8;40;5;F;Soilbag;Bag;0;0,182730924;0;0;0;0;0,761044177;0;0;0,002008032;0,002008032;0,046184739
F41;9;41;1;F;Soilbag;Bag;0;0,149365737;0;0;0,001965301;0;0,008147222;0,331320363;0,009505092;0,085545831;0,317741659;0
F42;9;42;2;F;Soilbag;Bag;0;0;0;0,02900611;0,390871696;0;0;0;0;0;0,290061097;0
F43;9;43;3;F;Soilbag;Bag;0,001296462;0,680642499;0;0,000142624;0,000285249;0;0,064823095;0,007778771;0;0,001296462;0,230770219;0,002592924
F44;9;44;4;F;Soilbag;Bag;0;0;0,129968618;0,007190342;0;0;0,076217625;0,028761368;0,17113014;0,037389778;0,056803702;0,486067119
F47;10;47;2;F;Soilbag;Bag;0;0,660870755;0,13989615;0;0;0;0,004859344;0,05102311;0;0;0,111764907;0
F48;10;48;3;F;Soilbag;Bag;0;0,871921182;0;0;0;0;0;0;0;0,04729064;0,066009852;0
F5;1;5;5;F;Soilbag;Bag;0,821023916;0,001546184;0;0,009277106;0;0;0,003092369;0,001546184;0;0,007730922;0,046385532;0
F50;10;50;5;F;Soilbag;Bag;0;0,619047619;0;0,001253133;0,001253133;0;0;0,023809524;0,028822055;0,020050125;0,273182957;0,031328321
F6;2;6;1;F;Soilbag;Bag;0;0,647601476;0;0;0;0;0;0;0,005535055;0,230627306;0,116236162;0
F7;2;7;2;F;Soilbag;Bag;0;0,687772926;0;0,002183406;0;0,002183406;0;0,028384279;0,002183406;0,098253275;0,165938865;0
F9;2;9;4;F;Soilbag;Bag;0;0,651785714;0;0;0;0;0;0,080357143;0;0,002232143;0,265625;0
M1;1;1;1;M;Soilbag;Bag;0;0;0;0,003937008;0,003937008;0;0;0,001968504;0;0,118110236;0,124015748;0,547244094
M10;2;10;5;M;Soilbag;Bag;0;0,051829102;0;0;0;0,000915223;0;0;0,017389235;0,002745669;0,878613959;0
M11;3;11;1;M;Soilbag;Bag;0,009881423;0;0;0;0,001976285;0;0;0;0,02173913;0,697628458;0,156126482;0
M12;3;12;2;M;Soilbag;Bag;0,001831975;0,281995008;0;0;0,001831975;0;0;0,120910332;0;0,045799368;0,294818831;0
M13;3;13;3;M;Soilbag;Bag;0;0,177268499;0,242551695;0;0,006551403;0;0;0;0,022929912;0,024567763;0,178525742;0,343948677
M14;3;14;4;M;Soilbag;Bag;0;0,260386087;0,00064496;0;0;0;0;0;0,001104587;0,280565193;0,049706432;0,392128518
M15;3;15;5;M;Soilbag;Bag;0;0;0;0;0;0;0;0;0;0,882022472;0,115569823;0,002407705
M16;4;16;1;M;Soilbag;Bag;0;0,39788332;0;0;0;0;0;0,152603058;0,035040037;0,100114392;0,104118968;0,161184172
M17;4;17;2;M;Soilbag;Bag;0;0,218870138;0,025922895;0;0;0;0;0,126850808;0;0,225447359;0,322067656;0,046009665
M18;4;18;3;M;Soilbag;Bag;0;0,050566722;0,436764513;0;0;0;0;0;0,01789284;0,002333849;0,028784134;0,106579091
M19;4;19;4;M;Soilbag;Bag;0;0;0,086189903;0;0;0;0;0;0;0;0;0
M2;1;2;2;M;Soilbag;Bag;0;0,097687679;0,127286033;0,000797352;0;0;0;0,615555859;0;0,003189409;0,155483669;0
M20;4;20;5;M;Soilbag;Bag;0;0,425465976;0,011633623;0,00197972;0;0;0,002639627;0;0,168936111;0,065990668;0,162337044;0,001319813
M21;5;21;1;M;Soilbag;Bag;0;0,497127318;0;0;0;0;0;0,018088945;0;0;0,03979568;0
M22;5;22;2;M;Soilbag;Bag;0,123852147;0,135021152;0,256965863;0,001303707;0;0;0,03259267;0;0;0,215111624;0,142104043;0
M23;5;23;3;M;Soilbag;Bag;0,22940079;0,642703195;0;0;0,005075239;0;0;0,046692196;0;0;0,073083437;0,001015048
M24;5;24;4;M;Soilbag;Bag;0,002264782;0,524395805;0;0;0;0;0,002264782;0;0;0,371424229;0,077002584;0,006794346
M25;5;25;5;M;Soilbag;Bag;0;0,180588082;0,043802765;0,692157536;0;0;0;0,002454459;0;0,041725809;0,003272612;0
M26;6;26;1;M;Soilbag;Bag;0;0;0;0;0;0;0;0;0;0,002123966;0,06442696;0,928173015
M27;6;27;2;M;Soilbag;Bag;0,119344841;0;0;0,001356191;0,002712383;0;0;0,139687712;0;0;0,001356191;0,244114448
M28;6;28;3;M;Soilbag;Bag;0;0;0;0;0;0;0;0,024546257;0;0,070570489;0,150345825;0,070570489
M29;6;29;4;M;Soilbag;Bag;0;0;0,02838418;0;0;0;0,002171209;0,049937796;0;0;0,084677133;0,823973639
M3;1;3;3;M;Soilbag;Bag;0,000476347;0,178120829;0,676593483;0,004287119;0,00142904;0;0;0,028104445;0;0,090029492;0,020006554;0,000476347
M30;6;30;5;M;Soilbag;Bag;0;0,029174815;0;0;0,000973746;0;0;0,015579943;0;0;0;0,919216624
M31;7;31;1;M;Soilbag;Bag;0;0,856783389;0;0;0;0;0,000478985;0;0;0;0,139384729;0,003352897
M32;7;32;2;M;Soilbag;Bag;0;0,355693936;0,001708795;0;0,001494412;0;0,017932947;0,134497103;0;0,001494412;0,4513125;0
M33;7;33;3;M;Soilbag;Bag;0;0,500959849;0,012099527;0;0;0;0;0,004256474;0,165151191;0,004256474;0,313276485;0
M35;7;35;5;M;Soilbag;Bag;0;0,904019692;0,000112174;0,003363794;0,000840949;0;0;0;0;0,007568537;0,059707347;0,021864662
M36;8;36;1;M;Soilbag;Bag;0;0,093884389;0;0;0,000982772;0;0,000982772;0;0,131691423;0,020638208;0,481558188;0
M37;8;37;2;M;Soilbag;Bag;0;0,66685299;0;0;0;0;0,014658468;0;0,00666294;0,009328116;0,294501956;0,005330352
M38;8;38;3;M;Soilbag;Bag;0;0,124113475;0;0,063829787;0,003546099;0;0,017730496;0,007092199;0;0;0;0,021276596
M39;8;39;4;M;Soilbag;Bag;0;0,4047062;0,04083575;0,000411853;0;0;0;0;0,008250905;0,004537306;0,09901086;0,086634503
M4;1;4;4;M;Soilbag;Bag;0,15728245;0,589062947;0;0;0,012233079;0;0;0;0;0;0,139806622;0,012233079
M40;8;40;5;M;Soilbag;Bag;0,16990545;0,011459202;0;0,001716217;0,003432433;0;0,006864867;0;0;0,338094683;0,001716217;0,341527116
M41;9;41;1;M;Soilbag;Bag;0;0;0,022238917;0;0;0;0;0;0;0,96265342;0;0,002238729
M42;9;42;2;M;Soilbag;Bag;0;0,026984127;0;0,067573696;0,202721088;0;0;0;0;0,026984127;0;0
M43;9;43;3;M;Soilbag;Bag;0;0,558661911;0;0,065179901;0;0;0,004011071;0,001002768;0,175484349;0,004011071;0,148409621;0,042116244
M44;9;44;4;M;Soilbag;Bag;0;0,12313124;0,025015193;0,030183765;0,00776154;0;0;0,004311966;0,010348719;0,000862393;0,357893214;0,433783823
M45;9;45;5;M;Soilbag;Bag;0;0,832798707;0;0;0,021242471;0;0;0;0;0;0,134535648;0,007080824
M47;10;47;2;M;Soilbag;Bag;0;0,636379446;0,017277095;0;0;0;0;0;0;0,021774473;0,093194746;0
M5;1;5;5;M;Soilbag;Bag;0,599496222;0;0;0;0;0;0;0,025188917;0;0,153652393;0,125944584;0
M50;10;50;5;M;Soilbag;Bag;0;0,170913232;0;0;0,001109905;0;0,026637715;0;0,05327543;0,256388005;0,403993236;0,008879238
M6;2;6;1;M;Soilbag;Bag;0,001530395;0,652640188;0,009288931;0;0,001530395;0;0;0;0,018364737;0,002222411;0,016834342;0
M7;2;7;2;M;Soilbag;Bag;0,000833018;0,15322983;0,055403364;0;0;0;0;0,017493371;0;0,019992425;0,510639844;0,192427086
M8;2;8;3;M;Soilbag;Bag;0;0,253571528;0,039952097;0;0;0;0;0;0,012506248;0,650198258;0,02322589;0
M9;2;9;4;M;Soilbag;Bag;0;0,540491035;0,00694722;0;0;0;0;0,00099246;0,133982096;0;0,123065036;0,00099246
P1;1;1;1;P;Soilbag;Bag;0;0,004854369;0,072815534;0,009708738;0;0;0;0;0;0,354368932;0,208737864;0
P10;2;10;5;P;Soilbag;Bag;0;0,391304348;0,046035806;0;0;0;0,158567775;0,094629156;0,168797954;0,040920716;0,043478261;0,002557545
P11;3;11;1;P;Soilbag;Bag;0,18754988;0,003990423;0,000798085;0;0;0;0;0,003192338;0;0,727853152;0,036711891;0
P12;3;12;2;P;Soilbag;Bag;0;0,012903226;0,006451613;0,003225806;0;0;0,958064516;0,016129032;0;0;0,003225806;0
P13;3;13;3;P;Soilbag;Bag;0;0,012396694;0,033057851;0;0;0;0,004132231;0;0;0,008264463;0,32231405;0,061983471
P14;3;14;4;P;Soilbag;Bag;0;0,086142322;0,123595506;0;0;0;0,126092385;0;0,006242197;0,001248439;0,453183521;0
P15;3;15;5;P;Soilbag;Bag;0;0;0;0;0;0;0;0;0;0,68;0;0,2
P16;4;16;1;P;Soilbag;Bag;0;0,057591623;0,032460733;0;0;0;0;0,00104712;0,004188482;0,002094241;0,010471204;0,890052356
P17;4;17;2;P;Soilbag;Bag;0;0,129151292;0,007380074;0;0;0;0;0,236162362;0;0,05904059;0,505535055;0
P18;4;18;3;P;Soilbag;Bag;0;0,007518797;0,122807018;0;0;0,00877193;0;0;0,117794486;0,001253133;0,046365915;0,572681704
P19;4;19;4;P;Soilbag;Bag;0;0,088235294;0;0;0;0;0;0;0;0;0;0
P2;1;2;2;P;Soilbag;Bag;0,416504369;0,008199357;0;0;0;0;0;0,161644463;0;0,026940744;0,257864032;0,001171337
P20;4;20;5;P;Soilbag;Bag;0;0,458015267;0,223918575;0,007633588;0;0;0;0,007633588;0,048346056;0,015267176;0,17302799;0,017811705
P21;5;21;1;P;Soilbag;Bag;0;0,426323448;0,085728085;0;0,001158488;0;0,001158488;0,002316975;0,011584876;0,194625922;0,164505244;0,003475463
P22;5;22;2;P;Soilbag;Bag;0;0,360531309;0,079696395;0;0;0;0;0,030360531;0;0,398481973;0,039848197;0
P23;5;23;3;P;Soilbag;Bag;0;0,234483802;0,003212107;0,003212107;0;0;0,446482856;0,003212107;0;0;0,138120596;0,006424214
P24;5;24;4;P;Soilbag;Bag;0;0,303202847;0,002846975;0,000711744;0;0,034875445;0,101067616;0,073309609;0;0,326690391;0,152313167;0
P26;6;26;1;P;Soilbag;Bag;0;0;0,067357513;0;0;0;0;0;0;0,005181347;0,025906736;0,901554404
P27;6;27;2;P;Soilbag;Bag;0,429236499;0,000931099;0,022346369;0;0;0;0;0,026070764;0;0,078212291;0,118249534;0,256052142
P28;6;28;3;P;Soilbag;Bag;0;0,102589194;0,004170292;0,006672468;0;0;0;0;0;0,162641405;0,130113124;0,005838409
P29;6;29;4;P;Soilbag;Bag;0;0,001324503;0,092715232;0,002649007;0;0;0,001324503;0,005298013;0;0;0,104635762;0,743046358
P3;1;3;3;P;Soilbag;Bag;0;0,408928571;0,114285714;0,032142857;0;0;0,005357143;0,001785714;0;0,416071429;0,005357143;0
P30;6;30;5;P;Soilbag;Bag;0;0,000890472;0,000890472;0;0;0;0;0,000890472;0;0,000890472;0;0,975957257
P31;7;31;1;P;Soilbag;Bag;0,512789281;0,087697929;0,028014616;0,002436054;0;0;0,154689403;0,001218027;0;0;0;0,210718636
P32;7;32;2;P;Soilbag;Bag;0;0,722434776;0,003774476;0;0,004529372;0;0,004529372;0;0;0,009058743;0,213399125;0
P33;7;33;3;P;Soilbag;Bag;0;0,425140121;0,090342276;0,136399122;0;0;0,001771417;0;0;0;0,116062831;0
P35;7;35;5;P;Soilbag;Bag;0;0,147887324;0,001006036;0,3722334;0;0;0;0;0;0;0,436619718;0,014084507
P36;8;36;1;P;Soilbag;Bag;0;0,355763667;0;0,066154401;0;0;0;0;0,030872054;0;0,20671549;0,001470098
P37;8;37;2;P;Soilbag;Bag;0;0,110280374;0,052336449;0;0;0;0;0;0;0,261682243;0,575700935;0
P38;8;38;3;P;Soilbag;Bag;0,884895349;0,048419401;0;0;0,00161398;0;0;0,00161398;0;0,00645592;0,053261341;0,00161398
P39;8;39;4;P;Soilbag;Bag;0;0,087973274;0;0;0,001113586;0;0,20155902;0;0,39532294;0,011135857;0,041202673;0,038975501
P4;1;4;4;P;Soilbag;Bag;0;0,012903226;0;0,006451613;0,006451613;0;0,006451613;0;0,006451613;0,006451613;0,883870968;0
P40;8;40;5;P;Soilbag;Bag;0,013399983;0,214399721;0;0;0;0;0,026799965;0;0;0,046899939;0;0,093799878
P41;9;41;1;P;Soilbag;Bag;0;0;0,433333333;0;0;0;0,096666667;0;0;0,191111111;0,178888889;0,08
P42;9;42;2;P;Soilbag;Bag;0;0;0,787878788;0;0;0;0,007575758;0;0;0,007575758;0,189393939;0
P44;9;44;4;P;Soilbag;Bag;0,001493652;0;0,129200896;0;0;0;0,052277819;0,016430172;0,101568335;0,004480956;0,082897685;0,611650485
P45;9;45;5;P;Soilbag;Bag;0;0,217302949;0,007901925;0;0;0;0;0;0;0,031607702;0,738830027;0
P47;10;47;2;P;Soilbag;Bag;0;0,647058824;0,069053708;0;0;0;0;0,008951407;0;0;0,248081841;0
P48;10;48;3;P;Soilbag;Bag;0;0,314637483;0,002735978;0,020519836;0;0;0,047879617;0;0,039671683;0;0,272229822;0,272229822
P5;1;5;5;P;Soilbag;Bag;0,582545674;0;0,003115218;0,002076812;0;0;0;0,006230435;0;0;0,007268841;0,386286971
P50;10;50;5;P;Soilbag;Bag;0;0,119136961;0,01782364;0;0,000938086;0;0,033771107;0,273921201;0,315196998;0,061913696;0,160412758;0,000938086
P6;2;6;1;P;Soilbag;Bag;0;0,091846298;0,175257732;0;0;0;0;0;0;0,715089035;0,017806935;0
P7;2;7;2;P;Soilbag;Bag;0;0,394444444;0,080555556;0,002777778;0;0;0;0,041666667;0,002777778;0;0,230555556;0
P8;2;8;3;P;Soilbag;Bag;0;0,409722222;0,431944444;0;0;0;0,025;0;0,0375;0;0,090277778;0
P9;2;9;4;P;Soilbag;Bag;0;0,341269841;0,107142857;0;0;0;0,099206349;0;0,005952381;0;0,373015873;0
RH1;1;1;1;RH;Soilbag;Bag;0;0,004429393;0,702797048;0,001476464;0;0;0,004429393;0,002952929;0;0,053152718;0,066440897;0,118117151
RH10;2;10;5;RH;Soilbag;Bag;0;0,040887733;0,496292478;0,014099218;0,001775356;0;0;0;0;0;0,389138421;0
RH11;3;11;1;RH;Soilbag;Bag;0;0;0;0;0;0;0;0,001177163;0;0,2324897;0,042966451;0,013537375
RH12;3;12;2;RH;Soilbag;Bag;0;0;0,001336005;0;0;0;0;0,000668003;0;0,309285237;0,030728123;0,321309285
RH13;3;13;3;RH;Soilbag;Bag;0,071428571;0;0,071428571;0;0;0;0;0;0;0,5;0,035714286;0,214285714
RH14;3;14;4;RH;Soilbag;Bag;0,303571429;0,071428571;0,254464286;0;0;0;0,071428571;0,004464286;0;0,227678571;0;0
RH15;3;15;5;RH;Soilbag;Bag;0,071969697;0;0,008838384;0;0;0;0;0,000631313;0;0,917929293;0;0
RH16;4;16;1;RH;Soilbag;Bag;0;0,034482759;0,444219067;0;0;0;0;0,064908722;0,00811359;0,038539554;0,012170385;0,373225152
RH17;4;17;2;RH;Soilbag;Bag;0;0,213592233;0,116504854;0;0;0;0;0,378640777;0;0,223300971;0,067961165;0
RH18;4;18;3;RH;Soilbag;Bag;0;0;0,035950154;0,008987539;0,00038599;0;0,000998615;0;0,005991692;0,004993077;0;0,942692933
RH19;4;19;4;RH;Soilbag;Bag;0;0,784461153;0;0,002506266;0;0;0;0;0,002506266;0;0,007518797;0,005012531
RH2;1;2;2;RH;Soilbag;Bag;0,001231084;0,008393016;0,050358097;0;0;0;0,83930161;0,012589524;0,004196508;0,004196508;0,075537145;0
RH20;4;20;5;RH;Soilbag;Bag;0,006567066;0,280579511;0,106426711;0,004837578;0,001729489;0;0;0,033863044;0,101589133;0,164477645;0,077401244;0,019350311
RH21;5;21;1;RH;Soilbag;Bag;0;0,04601227;0,015337423;0;0;0;0;0;0;0,030674847;0,006134969;0,009202454
RH22;5;22;2;RH;Soilbag;Bag;0;0,210338681;0,008912656;0;0;0;0;0;0;0,714795009;0,065953654;0
RH23;5;23;3;RH;Soilbag;Bag;0,880803554;0,006016418;0,007219701;0;0;0;0,010829552;0,034428184;0;0,060164177;0;0
RH24;5;24;4;RH;Soilbag;Bag;0,583468967;0,000880044;0;0;0,000270368;0;0;0,082724107;0,009680481;0,301854986;0,020241005;0
RH25;5;25;5;RH;Soilbag;Bag;0,285893827;0,077971044;0,058978097;0;0,002184875;0,000999629;0;0,172121765;0;0,147945057;0,078970672;0
RH26;6;26;1;RH;Soilbag;Bag;0,004873294;0;0;0;0;0;0;0,000974659;0;0,020467836;0,027290448;0,212475634
RH27;6;27;2;RH;Soilbag;Bag;0,855001221;0;0,069460956;0;0;0;0;0,036624868;0;0,001262926;0;0,002525853
RH28;6;28;3;RH;Soilbag;Bag;0,229976959;0,00116522;0,00233044;0,032626163;0,0004286;0;0;0,00116522;0;0,12700899;0,205078737;0,00233044
RH29;6;29;4;RH;Soilbag;Bag;0,019765774;0,096632675;0,08455359;0;0;0;0,086749788;0,143118494;0;0;0,079063097;0
RH30;6;30;5;RH;Soilbag;Bag;0,546080965;0,000861326;0,074935401;0,000861326;0;0;0;0,001722653;0;0,064599483;0;0,282515073
RH31;7;31;1;RH;Soilbag;Bag;0,816720257;0,004823151;0,025723473;0;0;0;0,059485531;0;0;0;0;0,001607717
RH32;7;32;2;RH;Soilbag;Bag;0;0,204651163;0,011627907;0;0;0;0,509302326;0;0;0;0,258139535;0
RH33;7;33;3;RH;Soilbag;Bag;0,343682716;0,061371914;0,040096317;0,005728045;0;0;0,058917037;0,000818292;0,221757181;0;0,253670576;0,000818292
RH35;7;35;5;RH;Soilbag;Bag;0,000354263;0,000968214;0;0,097789619;0;0;0;0,000968214;0;0;0,019364281;0
RH36;8;36;1;RH;Soilbag;Bag;0,151272467;0;0,063945139;0;0,002067143;0;0;0;0,014210031;0,031972569;0,021315046;0
RH37;8;37;2;RH;Soilbag;Bag;0;0,327102804;0,040498442;0,003115265;0;0;0;0;0;0,585669782;0,037383178;0
RH38;8;38;3;RH;Soilbag;Bag;0;0,174670391;0;0,035647019;0,001883477;0;0;0,007129404;0,256658534;0,024952913;0,007129404;0,003564702
RH39;8;39;4;RH;Soilbag;Bag;0,001833313;0;0;0,007463171;0;0;0,716464449;0,003731586;0,022389514;0;0,003731586;0,007463171
RH4;1;4;4;RH;Soilbag;Bag;0,000433715;0,01379881;0,234579764;0,031047322;0,000433715;0;0,003449702;0,062528358;0;0,113840179;0,01379881;0,041396429
RH40;8;40;5;RH;Soilbag;Bag;0,002146333;0,019316993;0;0;0;0;0,002146333;0;0;0;0,002146333;0,072975307
RH41;9;41;1;RH;Soilbag;Bag;0,517379002;0,033973321;0,091927809;0;0;0;0,020983522;0;0,01698666;0,143887006;0,173863465;0,000999215
RH42;9;42;2;RH;Soilbag;Bag;0,00481232;0;0;0;0;0;0;0,24879692;0;0;0;0,24879692
RH43;9;43;3;RH;Soilbag;Bag;0,000163268;0,412723302;0;0,010899383;0;0;0,171483626;0,073389179;0;0;0,268124821;0,06176317
RH45;9;45;5;RH;Soilbag;Bag;0;0,211538462;0,142857143;0;0;0;0,024725275;0;0;0;0,524725275;0,096153846
RH47;10;47;2;RH;Soilbag;Bag;0,00060721;0,148766378;0,431118891;0;0,000532826;0,004857678;0;0,006679307;0;0,02064513;0,382542114;0,00060721
RH48;10;48;3;RH;Soilbag;Bag;0;0,006006373;0,013214022;0;0,000539451;0;0;0;0;0;0;0,81806807
RH5;1;5;5;RH;Soilbag;Bag;0,1627494;0;0,000997567;0,002992701;0,008126536;0;0,004987834;0,006131402;0;0,010973235;0;0,001995134
RH50;10;50;5;RH;Soilbag;Bag;0;0,049027237;0,006225681;0;0;0;0;0,070817121;0,014785992;0,539299611;0,295719844;0,00155642
RH6;2;6;1;RH;Soilbag;Bag;0;0,189300412;0,187242798;0;0;0;0;0;0;0,582304527;0,03909465;0
RH7;2;7;2;RH;Soilbag;Bag;0;0,066666667;0,004301075;0,077419355;0;0;0,015053763;0,070967742;0;0,2;0,122580645;0
RH8;2;8;3;RH;Soilbag;Bag;0;0,194285714;0,771428571;0;0;0;0;0,002857143;0,031428571;0;0;0
RH9;2;9;4;RH;Soilbag;Bag;0;0,354368932;0,160194175;0,001213592;0;0;0,001213592;0,338592233;0;0;0,141990291;0
S1;1;1;1;1_S;Sandbag;Bag;0;0,234084231;0,229187071;0,21596474;0;0;0;0,072477963;0;0,079333986;0,022526934;0,011263467
S10;2;10;5;1_S;Sandbag;Bag;0;0,3988799;0,092719353;0,13876789;0;0;0;0;0;0;0,315494711;0
S12;3;12;2;1_S;Sandbag;Bag;0,011639185;0,024248303;0,139670223;0,006789525;0,011639185;0;0;0,033947624;0;0,101842871;0,056256062;0,596508244
S13;3;13;3;1_S;Sandbag;Bag;0;0,625531915;0,00106383;0;0;0;0;0;0;0;0,225531915;0,145744681
S14;3;14;4;1_S;Sandbag;Bag;0;0,881130507;0,089775561;0;0,004987531;0;0;0;0,003325021;0;0,019950125;0
S15;3;15;5;1_S;Sandbag;Bag;0;0,006711409;0;0,077181208;0;0;0;0;0;0;0,916107383;0
S16;4;16;1;1_S;Sandbag;Bag;0;0,02140255;0,556010929;0;0;0;0;0,00273224;0,115209472;0;0,125227687;0,170309654
S17;4;17;2;1_S;Sandbag;Bag;0;0,702849389;0,121438263;0;0;0;0;0,103799186;0,017639077;0;0,041383989;0,012890095
S18;4;18;3;1_S;Sandbag;Bag;0;0,290840415;0,033050047;0;0;0;0;0,006610009;0,303116147;0;0,028328612;0,307837583
S19;4;19;4;1_S;Sandbag;Bag;0;0,852783726;0,064775161;0;0;0;0;0;0,041755889;0,003747323;0,003211991;0
S2;1;2;2;1_S;Sandbag;Bag;0,123337364;0,165659008;0,060459492;0,016928658;0,007255139;0;0;0,189842805;0;0,012091898;0,415961306;0,008464329
S20;4;20;5;1_S;Sandbag;Bag;0;0,102776137;0,606024808;0;0;0;0;0,015948021;0,19019492;0;0,075605434;0
S22;5;22;2;1_S;Sandbag;Bag;0;0,636465324;0,033557047;0;0;0;0;0;0;0;0,140193885;0
S23;5;23;3;1_S;Sandbag;Bag;0;0,8069869;0,055021834;0;0;0;0;0;0;0;0,109170306;0,028820961
S24;5;24;4;1_S;Sandbag;Bag;0;0,570116861;0,024207012;0,054257095;0,001669449;0;0;0;0;0,053422371;0,296327212;0
S25;5;25;5;1_S;Sandbag;Bag;0;0,771883289;0,060123784;0,013262599;0,015030946;0;0,024756852;0,008841733;0;0,031830239;0,051282051;0,000884173
S26;6;26;1;1_S;Sandbag;Bag;0,051603905;0;0;0;0;0;0,0013947;0,013947001;0;0;0,009762901;0,905160391
S27;6;27;2;1_S;Sandbag;Bag;0,013435701;0;0,399232246;0,044145873;0;0;0;0,040307102;0;0;0,049904031;0,316698656
S28;6;28;3;1_S;Sandbag;Bag;0;0,228209192;0,072900158;0,000792393;0;0;0,000792393;0;0;0,110142631;0,033280507;0
S29;6;29;4;1_S;Sandbag;Bag;0,013862333;0,287284895;0,01290631;0,002390057;0;0;0;0,032026769;0;0,00334608;0,101816444;0,530592734
S31;7;31;1;1_S;Sandbag;Bag;0,002673797;0,854723708;0,040106952;0;0;0;0,004456328;0;0;0;0,045454545;0,02228164
S32;7;32;2;1_S;Sandbag;Bag;0,017353579;0,905639913;0,005422993;0,007592191;0;0;0;0;0;0;0,009761388;0,01626898
S35;7;35;5;1_S;Sandbag;Bag;0;0,193293886;0;0,146449704;0;0;0;0;0;0;0,046844181;0,564102564
S36;8;36;1;1_S;Sandbag;Bag;0;0,224937343;0,053884712;0,001253133;0;0;0;0;0,459899749;0;0,003759398;0,005012531
S37;8;37;2;1_S;Sandbag;Bag;0,00170068;0,987244898;0;0;0;0;0;0,00085034;0;0;0,009353741;0,00085034
S38;8;38;3;1_S;Sandbag;Bag;0,367088608;0,231012658;0;0;0,028481013;0;0,015822785;0,012658228;0;0;0,018987342;0,17721519
S39;8;39;4;1_S;Sandbag;Bag;0;0,309503785;0,002102607;0,060134567;0,000841043;0;0,001682086;0;0,116063919;0;0,018502944;0,418418839
S4;1;4;4;1_S;Sandbag;Bag;0;0,384996461;0,063694268;0,027600849;0;0;0;0;0;0;0,439490446;0,029016277
S40;8;40;5;1_S;Sandbag;Bag;0;0,039473684;0;0;0,007518797;0;0,002819549;0;0;0;0;0,692669173
S41;9;41;1;1_S;Sandbag;Bag;0,002082249;0,550234253;0,419052577;0;0;0;0;0;0;0;0,024986986;0,003643935
S42;9;42;2;1_S;Sandbag;Bag;0;0,02762855;0,919416731;0;0;0;0;0,005372218;0;0;0,045280123;0,002302379
S43;9;43;3;1_S;Sandbag;Bag;0;0,606669517;0,014108593;0,003420265;0;0;0;0,000855066;0,335185977;0,000855066;0,02180419;0,003847798
S44;9;44;4;1_S;Sandbag;Bag;0;0;0,043059126;0,220437018;0,001928021;0;0,000642674;0,001928021;0,062339332;0,008997429;0,130462725;0,529562982
S45;9;45;5;1_S;Sandbag;Bag;0;0,034722222;0,090277778;0;0;0;0;0;0,013888889;0;0,180555556;0,097222222
S47;10;47;2;1_S;Sandbag;Bag;0;0,74955595;0,064535228;0,000592066;0;0;0;0;0;0;0,151568976;0
S48;10;48;3;1_S;Sandbag;Bag;0;0,615224192;0,013034411;0;0,002606882;0;0,009384776;0,004171011;0;0;0;0,29092805
S5;1;5;5;1_S;Sandbag;Bag;0,03546798;0,046305419;0;0,024630542;0,008866995;0;0,046305419;0,020689655;0;0;0,222660099;0
S50;10;50;5;1_S;Sandbag;Bag;0;0,674145844;0,000509944;0;0,000509944;0;0;0,000509944;0,112697603;0,028046915;0,051504335;0,00254972
S6;2;6;1;1_S;Sandbag;Bag;0;0,660340314;0,090968586;0;0;0;0,042539267;0;0,117801047;0,008507853;0,065445026;0
S7;2;7;2;1_S;Sandbag;Bag;0;0,67842031;0,256699577;0;0;0;0;0,009167842;0;0;0,052891396;0
S8;2;8;3;1_S;Sandbag;Bag;0,00532198;0,748270357;0,026609899;0,001596594;0;0;0;0;0,167642363;0,00266099;0,034592869;0
S9;2;9;4;1_S;Sandbag;Bag;0;0,657877814;0,009646302;0;0;0;0;0,000643087;0,219935691;0;0,055948553;0
